<?xml version="1.0" encoding="UTF-8"?>
<mappings xmlns="http://dozer.sourceforge.net" xmlns:xsi="http://www.w3.org/2001/XMLSchema-instance"
	xsi:schemaLocation="http://dozer.sourceforge.net  
           http://dozer.sourceforge.net/schema/beanmapping.xsd">

	<mapping>
		<class-a>com.dayuan.bean.Packinglist</class-a>
		<class-b>com.dayuan.dto.PackinglistDTO</class-b>

		<field>
			<a>sapNo</a>
			<b>sapNo</b>
		</field>
		<field>
			<a>packingListVersion</a>
			<b>packingListVersion</b>
		</field>


		<field>
			<a>packingListName</a>
			<b>packingListName</b>
		</field>
		<field>
			<a>createPerson</a>
			<b>createPerson</b>
		</field>
		
		<field>
			<a>updateTime</a>
			<b>updateTime</b>
		</field>
		
		<field>
			<a>pacListDetails</a>
			<b>pacListDetails</b>
		</field>
	</mapping>
</mappings>  

