<?xml version="1.0" encoding="UTF-8"?>
<mappings xmlns="http://dozer.sourceforge.net" xmlns:xsi="http://www.w3.org/2001/XMLSchema-instance"
	xsi:schemaLocation="http://dozer.sourceforge.net  
           http://dozer.sourceforge.net/schema/beanmapping.xsd">

	<mapping>
		<class-a>com.dayuan.bean.SysRight</class-a>
		<class-b>com.dayuan.dto.SysRightDTO</class-b>

		<field>
			<a>id</a>
			<b>id</b>
		</field>
		<field>
			<a>userName</a>
			<b>userName</b>
		</field>


		<field>
			<a>moduleId</a>
			<b>moduleId</b>
		</field>
		<field>
			<a>pageId</a>
			<b>pageId</b>
		</field>
		
	</mapping>
</mappings>  

