<?xml version="1.0" encoding="UTF-8"?>
<mappings xmlns="http://dozer.sourceforge.net" xmlns:xsi="http://www.w3.org/2001/XMLSchema-instance"
	xsi:schemaLocation="http://dozer.sourceforge.net  
           http://dozer.sourceforge.net/schema/beanmapping.xsd">

	<mapping>
		<class-a>com.dayuan.bean.MaterielDrawings</class-a>
		<class-b>com.dayuan.dto.MaterielDrawingsDTO</class-b>

		<field>
			<a>materielNo</a>
			<b>materielNo</b>
		</field>
		<field>
			<a>version</a>
			<b>version</b>
		</field>


		<field>
			<a>drawingName</a>
			<b>drawingName</b>
		</field>
		<field>
			<a>reviser</a>
			<b>reviser</b>
		</field>
		<field>
			<a>updateTime</a>
			<b>updateTime</b>
		</field>
		<field>
			<a>revisedRecord</a>
			<b>revisedRecord</b>
		</field>
		
	</mapping>
</mappings>  

