<?xml version="1.0" encoding="UTF-8"?>
<mappings xmlns="http://dozer.sourceforge.net" xmlns:xsi="http://www.w3.org/2001/XMLSchema-instance"
	xsi:schemaLocation="http://dozer.sourceforge.net  
           http://dozer.sourceforge.net/schema/beanmapping.xsd">

	<mapping>
		<class-a>com.dayuan.bean.Circuitboard</class-a>
		<class-b>com.dayuan.dto.CircuitboardDTO</class-b>

		<field>
			<a>sapNo</a>
			<b>sapNo</b>
		</field>
		<field>
			<a>circuitBoardVersion</a>
			<b>circuitBoardVersion</b>
		</field>


		<field>
			<a>circuitBoardSapNo</a>
			<b>circuitBoardSapNo</b>
		</field>
		<field>
			<a>circuitBoardName</a>
			<b>circuitBoardName</b>
		</field>
		<field>
			<a>createPerson</a>
			<b>createPerson</b>
		</field>
		<field>
			<a>updateTime</a>
			<b>updateTime</b>
		</field>
		<field>
			<a>comment</a>
			<b>comment</b>
		</field>
		<field>
			<a>circuitboardDetails</a>
			<b>circuitboardDetails</b>
		</field>
	</mapping>
</mappings>  

