<?xml version="1.0" encoding="UTF-8"?>
<beans xmlns="http://www.springframework.org/schema/beans"
	xmlns:xsi="http://www.w3.org/2001/XMLSchema-instance"
	xmlns:context="http://www.springframework.org/schema/context"
	xmlns:mvc="http://www.springframework.org/schema/mvc"
	xsi:schemaLocation="http://www.springframework.org/schema/mvc http://www.springframework.org/schema/mvc/spring-mvc-3.0.xsd
		http://www.springframework.org/schema/beans http://www.springframework.org/schema/beans/spring-beans-3.0.xsd
		http://www.springframework.org/schema/context http://www.springframework.org/schema/context/spring-context-3.0.xsd" default-autowire="byName">

	<!-- 扫描classpath的包下的所有类，该包路径下的类可以不需要配置bean了(action下的控制器交给spring管理) -->
	<context:component-scan base-package="com.dayuan.controller" />
	
	<!-- Configures the @Controller programming model -->
	<mvc:annotation-driven />
	
	<!-- 启动Spring MVC的注解功能，完成请求和注解POJO的映射 -->
	<bean class="org.springframework.web.servlet.mvc.annotation.AnnotationMethodHandlerAdapter" />
		
    <!-- Resolves view names to protected .jsp resources within the /WEB-INF/views directory视图解析器 -->
	<bean class="org.springframework.web.servlet.view.InternalResourceViewResolver">
		<property name="viewClass" value="org.springframework.web.servlet.view.JstlView"/>
		<property name="prefix" value="/view/"/>
		<property name="suffix" value=".jsp"/>
	</bean>
	
	
	<!-- Configures Handler Interceptors -->	
	<mvc:interceptors>
		<!-- Changes the locale when a 'locale' request parameter is sent; e.g. /?locale=de -->
		<bean class="org.springframework.web.servlet.i18n.LocaleChangeInterceptor" />
		<!-- <bean class="com.dayuan.interceptor.AuthInterceptor" /> 
		<bean class="com.dayuan.interceptor.ExceptionInterceptor" />-->
	</mvc:interceptors>

	<!-- Handles HTTP GET requests for /resources/** by efficiently serving up static resources in the ${webappRoot}/resources/ directory -->
	<mvc:resources mapping="/css/**" location="/css/" />
	<mvc:resources mapping="/js/**" location="/js/" />
	<mvc:resources mapping="/images/**" location="/images/" />

	<!-- Saves a locale change using a cookie -->
	<bean id="localeResolver" class="org.springframework.web.servlet.i18n.CookieLocaleResolver" />
	
	<!-- Application Message Bundle 
	<bean id="messageSource" class="org.springframework.context.support.ReloadableResourceBundleMessageSource">
		<property name="basename" value="/WEB-INF/messages/messages" />
		<property name="cacheSeconds" value="0" />
	</bean>
	-->
	<!-- 上传文件配置 -->
	<bean id="multipartResolver" class="org.springframework.web.multipart.commons.CommonsMultipartResolver" >
	<property name="maxUploadSize" value="10485760000"/>
	<property name="defaultEncoding" value="utf-8"/>
	<!-- 启用时为了推迟文件解析，以便捕获文件大小异常 -->
	<property name="resolveLazily" value="true"/>
	</bean>
	
	<!-- 设置文件下载时json和response的字符编码 -->
	<bean id="stringHttpMessageConverter" class="org.springframework.http.converter.StringHttpMessageConverter">
	 <property name="supportedMediaTypes">
	   <list>
	    <value>text/plain;charset=UTF-8</value>
	   </list>
	 </property>
	</bean>
	
	<bean class="org.springframework.web.servlet.mvc.annotation.AnnotationMethodHandlerAdapter">
	 <property name="messageConverters">
	   <list>
	    <bean class="org.springframework.http.converter.ByteArrayHttpMessageConverter"></bean>
	     <ref bean="stringHttpMessageConverter" />
	   </list>
	 </property>
	</bean>
</beans>
