<?xml version="1.0" encoding="UTF-8" ?>
<!DOCTYPE mapper PUBLIC "-//mybatis.org//DTD Mapper 3.0//EN" "http://mybatis.org/dtd/mybatis-3-mapper.dtd" >
<mapper namespace="com.dayuan.dao.CertificateMapper" >
  <resultMap id="BaseResultMap" type="com.dayuan.bean.Certificate" >
    <id column="id" property="id" jdbcType="INTEGER" />
     <result column="sapNo" property="sapNo" jdbcType="VARCHAR" /> 
    <result column="calibrationCertificate" property="calibrationCertificate" jdbcType="VARCHAR" />
    <result column="qualificationAttribution" property="qualificationAttribution" jdbcType="VARCHAR" />
    <result column="certificateType" property="certificateType" jdbcType="INTEGER" /> 
    <result column="calibStartTime" property="calibStartTime" jdbcType="TIMESTAMP" />
    <result column="calibEndTime" property="calibEndTime" jdbcType="TIMESTAMP" />
    <result column="reviser" property="reviser" jdbcType="VARCHAR" />
    <result column="updateTime" property="updateTime" jdbcType="TIMESTAMP" />
 <!--   <association property="sapNo" resultMap="com.dayuan.bean.InstrumentinfoMapper.BaseResultMap"></association>
    <association property="certificateType" resultMap="com.dayuan.dao.CertificateTypeMapper.BaseResultMap"/>
         <association property="sapNo" column="sapNo" javaType="com.dayuan.bean.Instrumentinfo" resultMap="com.dayuan.dao.InstrumentinfoMapper.BaseResultMap"></association>
    -->
    </resultMap>
    
    <resultMap type="com.dayuan.bean.Certificate" id="joinCertificateType">
     <id column="id" property="id" jdbcType="INTEGER" />
     <result column="sapNo" property="sapNo" jdbcType="VARCHAR" /> 
    <result column="calibrationCertificate" property="calibrationCertificate" jdbcType="VARCHAR" />
    <result column="qualificationAttribution" property="qualificationAttribution" jdbcType="VARCHAR" />
    <result column="calibStartTime" property="calibStartTime" jdbcType="TIMESTAMP" />
    <result column="calibEndTime" property="calibEndTime" jdbcType="TIMESTAMP" />
    <result column="reviser" property="reviser" jdbcType="VARCHAR" />
    <result column="updateTime" property="updateTime" jdbcType="TIMESTAMP" />
     <association property="certificateType" column="certificateType"  javaType="com.dayuan.bean.CertificateType" resultMap="com.dayuan.dao.CertificateTypeMapper.BaseResultMap">
    </association>
    </resultMap>
  <sql id="Base_Column_List" >
    id, sapNo, calibrationCertificate, certificateType, qualificationAttribution, calibStartTime, 
    calibEndTime, reviser, updateTime
  </sql>
  
  <!-- <select id="queryById" resultMap="BaseResultMap" parameterType="java.lang.Integer" >
    select 
    <include refid="Base_Column_List" />
    from tbl_business_certificate
    where id = #{id,jdbcType=INTEGER}
  </select> -->
  
  <select id="queryById" resultMap="joinCertificateType" parameterType="java.lang.String" >
    select 
    *
    from tbl_business_certificate cr left join tbl_business_certificatetype ct on cr.certificateType=ct.certificateNo
    where id = #{keys}
  </select>
  
  <delete id="deleteById" parameterType="java.lang.Integer" >
    delete from tbl_business_certificate
    where id = #{id,jdbcType=INTEGER}
  </delete>
  
  <insert id="add" useGeneratedKeys="true" keyProperty="id" parameterType="com.dayuan.bean.Certificate" >
    insert into tbl_business_certificate (sapNo, calibrationCertificate, 
      certificateType, qualificationAttribution, 
      calibStartTime, calibEndTime, reviser, 
      updateTime)
    values (#{sapNo,jdbcType=VARCHAR}, #{calibrationCertificate,jdbcType=VARCHAR}, 
      #{certificateType,jdbcType=INTEGER}, #{qualificationAttribution,jdbcType=VARCHAR}, 
      #{calibStartTime,jdbcType=TIMESTAMP}, #{calibEndTime,jdbcType=TIMESTAMP}, #{reviser,jdbcType=VARCHAR}, 
      #{updateTime,jdbcType=TIMESTAMP})
  </insert>
 
  <insert id="addBySelective" useGeneratedKeys="true" keyProperty="id"  parameterType="com.dayuan.bean.Certificate" >
    insert into tbl_business_certificate
    <trim prefix="(" suffix=")" suffixOverrides="," >
      <if test="sapNo != null" >
        sapNo,
      </if>
      <if test="calibrationCertificate != null" >
        calibrationCertificate,
      </if>
      <if test="certificateType != null" >
        certificateType,
      </if>
      <if test="qualificationAttribution != null" >
        qualificationAttribution,
      </if>
      <if test="calibStartTime != null" >
        calibStartTime,
      </if>
      <if test="calibEndTime != null" >
        calibEndTime,
      </if>
      <if test="reviser != null" >
        reviser,
      </if>
      <if test="updateTime != null" >
        updateTime,
      </if>
    </trim>
    <trim prefix="values (" suffix=")" suffixOverrides="," >
      <if test="sapNo != null" >
        #{sapNo,jdbcType=VARCHAR},
      </if>
      <if test="calibrationCertificate != null" >
        #{calibrationCertificate,jdbcType=VARCHAR},
      </if>
      <if test="certificateType != null" >
        #{certificateType,jdbcType=INTEGER},
      </if>
      <if test="qualificationAttribution != null" >
        #{qualificationAttribution,jdbcType=VARCHAR},
      </if>
      <if test="calibStartTime != null" >
        #{calibStartTime,jdbcType=TIMESTAMP},
      </if>
      <if test="calibEndTime != null" >
        #{calibEndTime,jdbcType=TIMESTAMP},
      </if>
      <if test="reviser != null" >
        #{reviser,jdbcType=VARCHAR},
      </if>
      <if test="updateTime != null" >
        #{updateTime,jdbcType=TIMESTAMP},
      </if>
    </trim>
  </insert>
 
  <update id="updateBySelective" parameterType="com.dayuan.bean.Certificate" >
    update tbl_business_certificate
    <set >
      <if test="sapNo != null" >
        sapNo = #{sapNo,jdbcType=VARCHAR},
      </if>
      <if test="calibrationCertificate != null" >
        calibrationCertificate = #{calibrationCertificate,jdbcType=VARCHAR},
      </if>
      <if test="certificateType != null" >
        certificateType = #{certificateType,jdbcType=INTEGER},
      </if>
      <if test="qualificationAttribution != null" >
        qualificationAttribution = #{qualificationAttribution,jdbcType=VARCHAR},
      </if>
      <if test="calibStartTime != null" >
        calibStartTime = #{calibStartTime,jdbcType=TIMESTAMP},
      </if>
      <if test="calibEndTime != null" >
        calibEndTime = #{calibEndTime,jdbcType=TIMESTAMP},
      </if>
      <if test="reviser != null" >
        reviser = #{reviser,jdbcType=VARCHAR},
      </if>
      <if test="updateTime != null" >
        updateTime = #{updateTime,jdbcType=TIMESTAMP},
      </if>
    </set>
    where id = #{id,jdbcType=INTEGER}
  </update>
 
  <update id="updateById" parameterType="com.dayuan.bean.Certificate" >
    update tbl_business_certificate
    set sapNo = #{sapNo,jdbcType=VARCHAR},
      calibrationCertificate = #{calibrationCertificate,jdbcType=VARCHAR},
      certificateType = #{certificateType,jdbcType=INTEGER},
      qualificationAttribution = #{qualificationAttribution,jdbcType=VARCHAR},
      calibStartTime = #{calibStartTime,jdbcType=TIMESTAMP},
      calibEndTime = #{calibEndTime,jdbcType=TIMESTAMP},
      reviser = #{reviser,jdbcType=VARCHAR},
      updateTime = #{updateTime,jdbcType=TIMESTAMP}
    where id = #{id,jdbcType=INTEGER}
  </update>

</mapper>