<?xml version="1.0" encoding="UTF-8" ?>
<!DOCTYPE mapper PUBLIC "-//mybatis.org//DTD Mapper 3.0//EN" "http://mybatis.org/dtd/mybatis-3-mapper.dtd" >
<mapper namespace="com.dayuan.dao.CircuitboardDetailMapper" >
  <resultMap id="BaseResultMap" type="com.dayuan.bean.CircuitboardDetail" >
    <id column="id" property="id" jdbcType="INTEGER" />
    <result column="sapNo" property="sapNo" jdbcType="VARCHAR" />
    <result column="circuitBoardVersion" property="circuitBoardVersion" jdbcType="VARCHAR" />
    <!-- <result column="materielNo" property="materielNo" jdbcType="VARCHAR" /> -->
    <result column="materielNo" property="materielNo" jdbcType="VARCHAR" /> 
    <result column="locationNo" property="locationNo" jdbcType="VARCHAR" />
    <result column="quantity" property="quantity" jdbcType="VARCHAR" />
    <result column="comment" property="comment" jdbcType="VARCHAR" />
    </resultMap>
    
   <resultMap id="JoinResultMap" type="com.dayuan.bean.CircuitboardDetail" >
    <id column="id" property="id" jdbcType="INTEGER" />
    <result column="sapNo" property="sapNo" jdbcType="VARCHAR" />
    <result column="circuitBoardVersion" property="circuitBoardVersion" jdbcType="VARCHAR" />
    <!-- <result column="materielNo" property="materielNo" jdbcType="VARCHAR" /> -->
    <result column="materielNo" property="materielNo" jdbcType="VARCHAR" /> 
    <result column="locationNo" property="locationNo" jdbcType="VARCHAR" />
    <result column="quantity" property="quantity" jdbcType="VARCHAR" />
    <result column="comment" property="comment" jdbcType="VARCHAR" />
    <association property="materielNo" column="materielNo" javaType="com.dayuan.bean.Materiel" resultMap="com.dayuan.dao.MaterieTypeMapper.JoinMaterielMaper"/>
    </resultMap>
    
  <sql id="Base_Column_List" >
    id, sapNo, circuitBoardVersion, materielNo, locationNo, quantity, comment
  </sql>
  
  <select id="queryById" resultMap="BaseResultMap" parameterType="java.lang.Integer" >
    select 
    <include refid="Base_Column_List" />
    from tbl_business_circuitboarddetail
    where id = #{id,jdbcType=INTEGER}
  </select>
  
  <delete id="deleteById" parameterType="java.lang.Integer" >
    delete from tbl_business_circuitboarddetail
    where id = #{id,jdbcType=INTEGER}
  </delete>
  
  <insert id="add" parameterType="com.dayuan.bean.CircuitboardDetail" >
    insert into tbl_business_circuitboarddetail (id, sapNo, circuitBoardVersion, 
      materielNo, locationNo, quantity, 
      comment)
    values (#{id,jdbcType=INTEGER}, #{sapNo,jdbcType=VARCHAR}, #{circuitBoardVersion,jdbcType=VARCHAR}, 
      #{materielNo,jdbcType=VARCHAR}, #{locationNo,jdbcType=VARCHAR}, #{quantity,jdbcType=VARCHAR}, 
      #{comment,jdbcType=VARCHAR})
  </insert>
  
  <insert id="addBySelective" parameterType="com.dayuan.bean.CircuitboardDetail" >
    insert into tbl_business_circuitboarddetail
    <trim prefix="(" suffix=")" suffixOverrides="," >
      <if test="id != null" >
        id,
      </if>
      <if test="sapNo != null" >
        sapNo,
      </if>
      <if test="circuitBoardVersion != null" >
        circuitBoardVersion,
      </if>
      <if test="materielNo != null" >
        materielNo,
      </if>
      <if test="locationNo != null" >
        locationNo,
      </if>
      <if test="quantity != null" >
        quantity,
      </if>
      <if test="comment != null" >
        comment,
      </if>
    </trim>
    <trim prefix="values (" suffix=")" suffixOverrides="," >
      <if test="id != null" >
        #{id,jdbcType=INTEGER},
      </if>
      <if test="sapNo != null" >
        #{sapNo,jdbcType=VARCHAR},
      </if>
      <if test="circuitBoardVersion != null" >
        #{circuitBoardVersion,jdbcType=VARCHAR},
      </if>
      <if test="materielNo != null" >
        #{materielNo,jdbcType=VARCHAR},
      </if>
      <if test="locationNo != null" >
        #{locationNo,jdbcType=VARCHAR},
      </if>
      <if test="quantity != null" >
        #{quantity,jdbcType=VARCHAR},
      </if>
      <if test="comment != null" >
        #{comment,jdbcType=VARCHAR},
      </if>
    </trim>
  </insert>
 
  <update id="updateBySelective" parameterType="com.dayuan.bean.CircuitboardDetail" >
    update tbl_business_circuitboarddetail
    <set >
      <if test="sapNo != null" >
        sapNo = #{sapNo,jdbcType=VARCHAR},
      </if>
      <if test="circuitBoardVersion != null" >
        circuitBoardVersion = #{circuitBoardVersion,jdbcType=VARCHAR},
      </if>
      <if test="materielNo != null" >
        materielNo = #{materielNo,jdbcType=VARCHAR},
      </if>
      <if test="locationNo != null" >
        locationNo = #{locationNo,jdbcType=VARCHAR},
      </if>
      <if test="quantity != null" >
        quantity = #{quantity,jdbcType=VARCHAR},
      </if>
      <if test="comment != null" >
        comment = #{comment,jdbcType=VARCHAR},
      </if>
    </set>
    where id = #{id,jdbcType=INTEGER}
  </update>
 
  <update id="updateById" parameterType="com.dayuan.bean.CircuitboardDetail" >
    update tbl_business_circuitboarddetail
    set sapNo = #{sapNo,jdbcType=VARCHAR},
      circuitBoardVersion = #{circuitBoardVersion,jdbcType=VARCHAR},
      materielNo = #{materielNo,jdbcType=VARCHAR},
      locationNo = #{locationNo,jdbcType=VARCHAR},
      quantity = #{quantity,jdbcType=VARCHAR},
      comment = #{comment,jdbcType=VARCHAR}
    where id = #{id,jdbcType=INTEGER}
  </update>

</mapper>