<?xml version="1.0" encoding="UTF-8" ?>
<!DOCTYPE mapper PUBLIC "-//mybatis.org//DTD Mapper 3.0//EN" "http://mybatis.org/dtd/mybatis-3-mapper.dtd" >
<mapper namespace="com.dayuan.dao.CircuitboardMapper" >
  <resultMap id="BaseResultMap" type="com.dayuan.bean.Circuitboard" >
    <!-- <id column="sapNo" property="sapNo" jdbcType="VARCHAR" /> -->
    <id column="sapNo" property="sapNo" jdbcType="VARCHAR" />
    <id column="circuitBoardVersion" property="circuitBoardVersion" jdbcType="VARCHAR" />
    <result column="circuitBoardsapNo" property="circuitBoardsapNo" jdbcType="VARCHAR" />
    <result column="circuitBoardName" property="circuitBoardName" jdbcType="VARCHAR" />
    <result column="createPerson" property="createPerson" jdbcType="VARCHAR" />
    <result column="updateTime" property="updateTime" jdbcType="TIMESTAMP" />
    <result column="comment" property="comment" jdbcType="VARCHAR" />
    <!-- <association property="sapNo" resultMap="com.dayuan.bean.InstrumentinfoMapper.BaseResultMap"/>
  	<collection property="circuitboardDetails" resultMap="com.dayuan.dao.CircuitboardDetailMapper"></collection> -->
  </resultMap>
  
   <resultMap id="JoinResultMap" type="com.dayuan.bean.Circuitboard" >
    <!-- <id column="sapNo" property="sapNo" jdbcType="VARCHAR" /> -->
    <id column="sapNo" property="sapNo" jdbcType="VARCHAR" />
    <id column="circuitBoardVersion" property="circuitBoardVersion" jdbcType="VARCHAR" />
    <result column="circuitBoardsapNo" property="circuitBoardsapNo" jdbcType="VARCHAR" />
    <result column="circuitBoardName" property="circuitBoardName" jdbcType="VARCHAR" />
    <result column="createPerson" property="createPerson" jdbcType="VARCHAR" />
    <result column="updateTime" property="updateTime" jdbcType="TIMESTAMP" />
    <result column="comment" property="comment" jdbcType="VARCHAR" />
   <collection property="circuitboardDetails" ofType="com.dayuan.bean.CircuitboardDetail" resultMap="com.dayuan.dao.CircuitboardDetailMapper.JoinResultMap"/>
  </resultMap>
  <sql id="Base_Column_List" >
    sapNo, circuitBoardVersion, circuitBoardsapNo, circuitBoardName, createPerson, updateTime, 
    comment
  </sql>
  
  <select id="queryById" resultMap="BaseResultMap" parameterType="com.dayuan.bean.CircuitboardKey" >
    select 
    <include refid="Base_Column_List" />
    from tbl_business_circuitboard
    where sapNo = #{sapNo,jdbcType=VARCHAR}
      and circuitBoardVersion = #{circuitBoardVersion,jdbcType=VARCHAR}
  </select>
  
  <delete id="deleteById" parameterType="com.dayuan.bean.CircuitboardKey" >
    delete from tbl_business_circuitboard
    where sapNo = #{sapNo,jdbcType=VARCHAR}
      and circuitBoardVersion = #{circuitBoardVersion,jdbcType=VARCHAR}
  </delete>
  
  <insert id="add" parameterType="com.dayuan.bean.Circuitboard" >
    insert into tbl_business_circuitboard (sapNo, circuitBoardVersion, circuitBoardsapNo, 
      circuitBoardName, createPerson, updateTime, 
      comment)
    values (#{sapNo,jdbcType=VARCHAR}, #{circuitBoardVersion,jdbcType=VARCHAR}, #{circuitBoardsapNo,jdbcType=VARCHAR}, 
      #{circuitBoardName,jdbcType=VARCHAR}, #{createPerson,jdbcType=VARCHAR}, #{updateTime,jdbcType=TIMESTAMP}, 
      #{comment,jdbcType=VARCHAR})
  </insert>
 
  <insert id="addBySelective" parameterType="com.dayuan.bean.Circuitboard" >
    insert into tbl_business_circuitboard
    <trim prefix="(" suffix=")" suffixOverrides="," >
      <if test="sapNo != null" >
        sapNo,
      </if>
      <if test="circuitBoardVersion != null" >
        circuitBoardVersion,
      </if>
      <if test="circuitBoardsapNo != null" >
        circuitBoardsapNo,
      </if>
      <if test="circuitBoardName != null" >
        circuitBoardName,
      </if>
      <if test="createPerson != null" >
        createPerson,
      </if>
      <if test="updateTime != null" >
        updateTime,
      </if>
      <if test="comment != null" >
        comment,
      </if>
    </trim>
    <trim prefix="values (" suffix=")" suffixOverrides="," >
      <if test="sapNo != null" >
        #{sapNo,jdbcType=VARCHAR},
      </if>
      <if test="circuitBoardVersion != null" >
        #{circuitBoardVersion,jdbcType=VARCHAR},
      </if>
      <if test="circuitBoardsapNo != null" >
        #{circuitBoardsapNo,jdbcType=VARCHAR},
      </if>
      <if test="circuitBoardName != null" >
        #{circuitBoardName,jdbcType=VARCHAR},
      </if>
      <if test="createPerson != null" >
        #{createPerson,jdbcType=VARCHAR},
      </if>
      <if test="updateTime != null" >
        #{updateTime,jdbcType=TIMESTAMP},
      </if>
      <if test="comment != null" >
        #{comment,jdbcType=VARCHAR},
      </if>
    </trim>
  </insert>
  
  <update id="updateBySelective" parameterType="com.dayuan.bean.Circuitboard" >
    update tbl_business_circuitboard
    <set >
      <if test="circuitBoardsapNo != null" >
        circuitBoardsapNo = #{circuitBoardsapNo,jdbcType=VARCHAR},
      </if>
      <if test="circuitBoardName != null" >
        circuitBoardName = #{circuitBoardName,jdbcType=VARCHAR},
      </if>
      <if test="createPerson != null" >
        createPerson = #{createPerson,jdbcType=VARCHAR},
      </if>
      <if test="updateTime != null" >
        updateTime = #{updateTime,jdbcType=TIMESTAMP},
      </if>
      <if test="comment != null" >
        comment = #{comment,jdbcType=VARCHAR},
      </if>
    </set>
    where sapNo = #{sapNo,jdbcType=VARCHAR}
      and circuitBoardVersion = #{circuitBoardVersion,jdbcType=VARCHAR}
  </update>
 
  <update id="updateById" parameterType="com.dayuan.bean.Circuitboard" >
    update tbl_business_circuitboard
    set circuitBoardsapNo = #{circuitBoardsapNo,jdbcType=VARCHAR},
      circuitBoardName = #{circuitBoardName,jdbcType=VARCHAR},
      createPerson = #{createPerson,jdbcType=VARCHAR},
      updateTime = #{updateTime,jdbcType=TIMESTAMP},
      comment = #{comment,jdbcType=VARCHAR}
    where sapNo = #{sapNo,jdbcType=VARCHAR}
      and circuitBoardVersion = #{circuitBoardVersion,jdbcType=VARCHAR}
  </update>

</mapper>