<?xml version="1.0" encoding="UTF-8" ?>
<!DOCTYPE mapper PUBLIC "-//mybatis.org//DTD Mapper 3.0//EN" "http://mybatis.org/dtd/mybatis-3-mapper.dtd" >
<mapper namespace="com.dayuan.dao.CompletemachineMapper" >
  <resultMap id="BaseResultMap" type="com.dayuan.bean.Completemachine" >
   <!--  <id column="sapNo" property="sapNo" jdbcType="VARCHAR" /> -->
   <id column="sapNo" property="sapNo" jdbcType="VARCHAR" />
    <id column="completeMachineVersion" property="completeMachineVersion" jdbcType="VARCHAR" />
    <result column="completeMachineName" property="completeMachineName" jdbcType="VARCHAR" />
    <result column="createPerson" property="createPerson" jdbcType="VARCHAR" />
    <result column="updateTime" property="updateTime" jdbcType="TIMESTAMP" />
    <result column="comment" property="comment" jdbcType="VARCHAR" />
   <!--  <association property="sapNo" resultMap="com.dayuan.bean.Instrumentinfo.BaseResultMap"/>
 	<collection property="complList" resultMap="com.dayuan.dao.CompletemachinedetailMapper.BaseResultMap"></collection> -->
  </resultMap>
  
   <resultMap id="JoinResultMap" type="com.dayuan.bean.Completemachine" >
   <!--  <id column="sapNo" property="sapNo" jdbcType="VARCHAR" /> -->
   <id column="sapNo" property="sapNo" jdbcType="VARCHAR" />
    <id column="completeMachineVersion" property="completeMachineVersion" jdbcType="VARCHAR" />
    <result column="completeMachineName" property="completeMachineName" jdbcType="VARCHAR" />
    <result column="createPerson" property="createPerson" jdbcType="VARCHAR" />
    <result column="updateTime" property="updateTime" jdbcType="TIMESTAMP" />
    <result column="comment" property="comment" jdbcType="VARCHAR" />
   <collection property="complList" ofType="com.dayuan.bean.Completemachinedetail" resultMap="com.dayuan.dao.CompletemachinedetailMapper.JoinResultMap"/>
  </resultMap>
  
  <sql id="Base_Column_List" >
    sapNo, completeMachineVersion, completeMachineName, createPerson, updateTime, comment
  </sql>
  
  <select id="queryById" resultMap="BaseResultMap" parameterType="com.dayuan.bean.CompletemachineKey" >
    select 
    <include refid="Base_Column_List" />
    from tbl_business_completemachine
    where sapNo = #{sapNo,jdbcType=VARCHAR}
      and completeMachineVersion = #{completeMachineVersion,jdbcType=VARCHAR}
  </select>
  
  <delete id="deleteById" parameterType="com.dayuan.bean.CompletemachineKey" >
    delete from tbl_business_completemachine
    where sapNo = #{sapNo,jdbcType=VARCHAR}
      and completeMachineVersion = #{completeMachineVersion,jdbcType=VARCHAR}
  </delete>
  
  <insert id="add" parameterType="com.dayuan.bean.Completemachine" >
    insert into tbl_business_completemachine (sapNo, completeMachineVersion, completeMachineName, 
      createPerson, updateTime, comment
      )
    values (#{sapNo,jdbcType=VARCHAR}, #{completeMachineVersion,jdbcType=VARCHAR}, #{completeMachineName,jdbcType=VARCHAR}, 
      #{createPerson,jdbcType=VARCHAR}, #{updateTime,jdbcType=TIMESTAMP}, #{comment,jdbcType=VARCHAR}
      )
  </insert>
  
  <insert id="addBySelective" parameterType="com.dayuan.bean.Completemachine" >
    insert into tbl_business_completemachine
    <trim prefix="(" suffix=")" suffixOverrides="," >
      <if test="sapNo != null" >
        sapNo,
      </if>
      <if test="completeMachineVersion != null" >
        completeMachineVersion,
      </if>
      <if test="completeMachineName != null" >
        completeMachineName,
      </if>
      <if test="createPerson != null" >
        createPerson,
      </if>
      <if test="updateTime != null" >
        updateTime,
      </if>
      <if test="comment != null" >
        comment,
      </if>
    </trim>
    <trim prefix="values (" suffix=")" suffixOverrides="," >
      <if test="sapNo != null" >
        #{sapNo,jdbcType=VARCHAR},
      </if>
      <if test="completeMachineVersion != null" >
        #{completeMachineVersion,jdbcType=VARCHAR},
      </if>
      <if test="completeMachineName != null" >
        #{completeMachineName,jdbcType=VARCHAR},
      </if>
      <if test="createPerson != null" >
        #{createPerson,jdbcType=VARCHAR},
      </if>
      <if test="updateTime != null" >
        #{updateTime,jdbcType=TIMESTAMP},
      </if>
      <if test="comment != null" >
        #{comment,jdbcType=VARCHAR},
      </if>
    </trim>
  </insert>
 
  <update id="updateBySelective" parameterType="com.dayuan.bean.Completemachine" >
    update tbl_business_completemachine
    <set >
      <if test="completeMachineName != null" >
        completeMachineName = #{completeMachineName,jdbcType=VARCHAR},
      </if>
      <if test="createPerson != null" >
        createPerson = #{createPerson,jdbcType=VARCHAR},
      </if>
      <if test="updateTime != null" >
        updateTime = #{updateTime,jdbcType=TIMESTAMP},
      </if>
      <if test="comment != null" >
        comment = #{comment,jdbcType=VARCHAR},
      </if>
    </set>
    where sapNo = #{sapNo,jdbcType=VARCHAR}
      and completeMachineVersion = #{completeMachineVersion,jdbcType=VARCHAR}
  </update>
  
  <update id="updateById" parameterType="com.dayuan.bean.Completemachine" >
    update tbl_business_completemachine
    set completeMachineName = #{completeMachineName,jdbcType=VARCHAR},
      createPerson = #{createPerson,jdbcType=VARCHAR},
      updateTime = #{updateTime,jdbcType=TIMESTAMP},
      comment = #{comment,jdbcType=VARCHAR}
    where sapNo = #{sapNo,jdbcType=VARCHAR}
      and completeMachineVersion = #{completeMachineVersion,jdbcType=VARCHAR}
  </update>

</mapper>