<?xml version="1.0" encoding="UTF-8" ?>
<!DOCTYPE mapper PUBLIC "-//mybatis.org//DTD Mapper 3.0//EN" "http://mybatis.org/dtd/mybatis-3-mapper.dtd" >
<mapper namespace="com.dayuan.dao.CompletemachinedetailMapper" >
  <resultMap id="BaseResultMap" type="com.dayuan.bean.Completemachinedetail" >
    <id column="id" property="id" jdbcType="INTEGER" />
    <result column="sapNo" property="sapNo" jdbcType="VARCHAR" />
    <result column="completeMachineVersion" property="completeMachineVersion" jdbcType="VARCHAR" />
    <result column="quantity" property="quantity" jdbcType="INTEGER" />
    <result column="comment" property="comment" jdbcType="VARCHAR" />
   <!--  <association property="materielNo" resultMap="com.dayuan.dao.MaterielMapper.BaseResultMap"/> -->
   <result column="materielNo" property="materielNo" jdbcType="VARCHAR" />
  </resultMap>
  
   <resultMap id="JoinMaterielMaper" type="com.dayuan.bean.Completemachinedetail" >
    <id column="id" property="id" jdbcType="INTEGER" />
    <result column="sapNo" property="sapNo" jdbcType="VARCHAR" />
    <result column="completeMachineVersion" property="completeMachineVersion" jdbcType="VARCHAR" />
    <result column="quantity" property="quantity" jdbcType="INTEGER" />
    <result column="comment" property="comment" jdbcType="VARCHAR" />
  <association property="materielNo" column="materielNo" javaType="com.dayuan.bean.Materiel" resultMap="com.dayuan.dao.MaterieTypeMapper.JoinMaterielMaper"/>
  </resultMap>
   
  <sql id="Base_Column_List" >
    id, sapNo, completeMachineVersion, materielNo, quantity, comment
  </sql>
  <select id="queryById" resultMap="BaseResultMap" parameterType="java.lang.Integer" >
    select 
    <include refid="Base_Column_List" />
    from tbl_business_completemachinedetail
    where id = #{id,jdbcType=INTEGER}
  </select>
  
  <delete id="deleteById" parameterType="java.lang.Integer" >
    delete from tbl_business_completemachinedetail
    where id = #{id,jdbcType=INTEGER}
  </delete>
 
  <insert id="add" useGeneratedKeys="true" keyProperty="id" parameterType="com.dayuan.bean.Completemachinedetail" >
    insert into tbl_business_completemachinedetail (id, sapNo, completeMachineVersion, 
      materielNo, quantity, comment
      )
    values (#{id,jdbcType=INTEGER}, #{sapNo,jdbcType=VARCHAR}, #{completeMachineVersion,jdbcType=VARCHAR}, 
      #{materielNo,jdbcType=VARCHAR}, #{quantity,jdbcType=INTEGER}, #{comment,jdbcType=VARCHAR}
      )
  </insert>
  
  <insert id="addBySelective" useGeneratedKeys="true" keyProperty="id"  parameterType="com.dayuan.bean.Completemachinedetail" >
    insert into tbl_business_completemachinedetail
    <trim prefix="(" suffix=")" suffixOverrides="," >
      <if test="id != null" >
        id,
      </if>
      <if test="sapNo != null" >
        sapNo,
      </if>
      <if test="completeMachineVersion != null" >
        completeMachineVersion,
      </if>
      <if test="materielNo != null" >
        materielNo,
      </if>
      <if test="quantity != null" >
        quantity,
      </if>
      <if test="comment != null" >
        comment,
      </if>
    </trim>
    <trim prefix="values (" suffix=")" suffixOverrides="," >
      <if test="id != null" >
        #{id,jdbcType=INTEGER},
      </if>
      <if test="sapNo != null" >
        #{sapNo,jdbcType=VARCHAR},
      </if>
      <if test="completeMachineVersion != null" >
        #{completeMachineVersion,jdbcType=VARCHAR},
      </if>
      <if test="materielNo != null" >
        #{materielNo,jdbcType=VARCHAR},
      </if>
      <if test="quantity != null" >
        #{quantity,jdbcType=INTEGER},
      </if>
      <if test="comment != null" >
        #{comment,jdbcType=VARCHAR},
      </if>
    </trim>
  </insert>
 
  <update id="updateBySelective" parameterType="com.dayuan.bean.Completemachinedetail" >
    update tbl_business_completemachinedetail
    <set >
      <if test="sapNo != null" >
        sapNo = #{sapNo,jdbcType=VARCHAR},
      </if>
      <if test="completeMachineVersion != null" >
        completeMachineVersion = #{completeMachineVersion,jdbcType=VARCHAR},
      </if>
      <if test="materielNo != null" >
        materielNo = #{materielNo,jdbcType=VARCHAR},
      </if>
      <if test="quantity != null" >
        quantity = #{quantity,jdbcType=INTEGER},
      </if>
      <if test="comment != null" >
        comment = #{comment,jdbcType=VARCHAR},
      </if>
    </set>
    where id = #{id,jdbcType=INTEGER}
  </update>
  
  <update id="updateById" parameterType="com.dayuan.bean.Completemachinedetail" >
    update tbl_business_completemachinedetail
    set sapNo = #{sapNo,jdbcType=VARCHAR},
      completeMachineVersion = #{completeMachineVersion,jdbcType=VARCHAR},
      materielNo = #{materielNo,jdbcType=VARCHAR},
      quantity = #{quantity,jdbcType=INTEGER},
      comment = #{comment,jdbcType=VARCHAR}
    where id = #{id,jdbcType=INTEGER}
  </update>
</mapper>