<?xml version="1.0" encoding="UTF-8" ?>
<!DOCTYPE mapper PUBLIC "-//mybatis.org//DTD Mapper 3.0//EN" "http://mybatis.org/dtd/mybatis-3-mapper.dtd" >
<mapper namespace="com.dayuan.dao.InstructionsMapper" >
  <resultMap id="BaseResultMap" type="com.dayuan.bean.Instructions" >
    <!-- <id column="sapNo" property="sapNo" jdbcType="VARCHAR" /> -->
    <id column="version" property="version" jdbcType="VARCHAR" />
    <result column="fileName" property="fileName" jdbcType="VARCHAR" />
    <result column="reviser" property="reviser" jdbcType="VARCHAR" />
    <result column="updateTime" property="updateTime" jdbcType="TIMESTAMP" />
    <result column="revisedRecord" property="revisedRecord" jdbcType="VARCHAR" />
    <association property="sapNo" resultMap="com.dayuan.bean.InstrumentinfoMapper.BaseResultMap"/>
  </resultMap>
  <sql id="Base_Column_List" >
    sapNo, version, fileName, reviser, updateTime, revisedRecord
  </sql>
  
  <select id="queryById" resultMap="BaseResultMap" parameterType="com.dayuan.bean.InstructionsKey" >
    select 
    <include refid="Base_Column_List" />
    from tbl_business_instructions
    where sapNo = #{sapNo,jdbcType=VARCHAR}
      and version = #{version,jdbcType=VARCHAR}
  </select>
  <select id="queryList" resultMap="BaseResultMap">
  select 
    <include refid="Base_Column_List" />
    from tbl_business_instructions
    where <![CDATA[ sapNo like CONCAT('%',#{keys},'%')  ]]> 
    or <![CDATA[ fileName like CONCAT('%',#{keys},'%')  ]]>
    ORDER BY updateTime desc LIMIT #{curPage},#{pageSize}
  </select>
  <delete id="deleteById" parameterType="com.dayuan.bean.InstructionsKey" >
    delete from tbl_business_instructions
    where sapNo = #{sapNo,jdbcType=VARCHAR}
      and version = #{version,jdbcType=VARCHAR}
  </delete>
  
  <insert id="add" parameterType="com.dayuan.bean.Instructions" >
    insert into tbl_business_instructions (sapNo, version, fileName, 
      reviser, updateTime, revisedRecord
      )
    values (#{sapNo,jdbcType=VARCHAR}, #{version,jdbcType=VARCHAR}, #{fileName,jdbcType=VARCHAR}, 
      #{reviser,jdbcType=VARCHAR}, #{updateTime,jdbcType=TIMESTAMP}, #{revisedRecord,jdbcType=VARCHAR}
      )
  </insert>
 
  <insert id="addBySelective" parameterType="com.dayuan.bean.Instructions" >
    insert into tbl_business_instructions
    <trim prefix="(" suffix=")" suffixOverrides="," >
      <if test="sapNo != null" >
        sapNo,
      </if>
      <if test="version != null" >
        version,
      </if>
      <if test="fileName != null" >
        fileName,
      </if>
      <if test="reviser != null" >
        reviser,
      </if>
      <if test="updateTime != null" >
        updateTime,
      </if>
      <if test="revisedRecord != null" >
        revisedRecord,
      </if>
    </trim>
    <trim prefix="values (" suffix=")" suffixOverrides="," >
      <if test="sapNo != null" >
        #{sapNo,jdbcType=VARCHAR},
      </if>
      <if test="version != null" >
        #{version,jdbcType=VARCHAR},
      </if>
      <if test="fileName != null" >
        #{fileName,jdbcType=VARCHAR},
      </if>
      <if test="reviser != null" >
        #{reviser,jdbcType=VARCHAR},
      </if>
      <if test="updateTime != null" >
        #{updateTime,jdbcType=TIMESTAMP},
      </if>
      <if test="revisedRecord != null" >
        #{revisedRecord,jdbcType=VARCHAR},
      </if>
    </trim>
  </insert>
  
  <update id="updateBySelective" parameterType="com.dayuan.bean.Instructions" >
    update tbl_business_instructions
    <set >
      <if test="fileName != null" >
        fileName = #{fileName,jdbcType=VARCHAR},
      </if>
      <if test="reviser != null" >
        reviser = #{reviser,jdbcType=VARCHAR},
      </if>
      <if test="updateTime != null" >
        updateTime = #{updateTime,jdbcType=TIMESTAMP},
      </if>
      <if test="revisedRecord != null" >
        revisedRecord = #{revisedRecord,jdbcType=VARCHAR},
      </if>
    </set>
    where sapNo = #{sapNo,jdbcType=VARCHAR}
      and version = #{version,jdbcType=VARCHAR}
  </update>
 
  <update id="updateById" parameterType="com.dayuan.bean.Instructions" >
    update tbl_business_instructions
    set fileName = #{fileName,jdbcType=VARCHAR},
      reviser = #{reviser,jdbcType=VARCHAR},
      updateTime = #{updateTime,jdbcType=TIMESTAMP},
      revisedRecord = #{revisedRecord,jdbcType=VARCHAR}
    where sapNo = #{sapNo,jdbcType=VARCHAR}
      and version = #{version,jdbcType=VARCHAR}
  </update>

</mapper>