<?xml version="1.0" encoding="UTF-8" ?>
<!DOCTYPE mapper PUBLIC "-//mybatis.org//DTD Mapper 3.0//EN" "http://mybatis.org/dtd/mybatis-3-mapper.dtd" >
<mapper namespace="com.dayuan.dao.InstrumentinfoMapper" >
  <resultMap id="BaseResultMap" type="com.dayuan.bean.Instrumentinfo" >
    <id column="sapNo" property="sapNo" jdbcType="VARCHAR" />
    <result column="brand" property="brand" jdbcType="VARCHAR" />
    <result column="productName" property="productName" jdbcType="VARCHAR" />
    <result column="productLinel" property="productLinel" jdbcType="VARCHAR" />
    <result column="listedTime" property="listedTime" jdbcType="TIMESTAMP" />
    <result column="image" property="image" jdbcType="VARCHAR" />
    <result column="executionStandard" property="executionStandard" jdbcType="VARCHAR" />
    <result column="state" property="state" jdbcType="INTEGER" />
    <result column="delistingDate" property="delistingDate" jdbcType="TIMESTAMP" />
    <result column="updateTime" property="updateTime" jdbcType="TIMESTAMP" />
    <result column="comment" property="comment" jdbcType="VARCHAR" />
    <!-- 一对多配置
    <collection property="cerList" resultMap="com.dayuan.dao.CertificateMapper.BaseResultMap"/>
    <collection property="cirList" resultMap="com.dayuan.dao.CircuitboardMapper.BaseResultMap"/>
    <collection property="completeList" resultMap="com.dayuan.dao.CompletemachineMapper.BaseResultMap"/>
    <collection property="docList" resultMap="com.dayuan.dao.DocumentMapper.BaseResultMap"/>
    <collection property="instrumentList" resultMap="com.dayuan.dao.InstructionsMapper.BaseResultMap"/>
    <collection property="pList" resultMap="com.dayuan.dao.PackinglistMapper.BaseResultMap"/>
   -->
  
  </resultMap>
  
  <resultMap type="com.dayuan.bean.Instrumentinfo" id="joinInfoMap" >
 <id column="sapNo" property="sapNo" jdbcType="VARCHAR" />
    <result column="brand" property="brand" jdbcType="VARCHAR" />
    <result column="productName" property="productName" jdbcType="VARCHAR" />
    <result column="productLinel" property="productLinel" jdbcType="VARCHAR" />
    <result column="listedTime" property="listedTime" jdbcType="TIMESTAMP" />
    <result column="image" property="image" jdbcType="VARCHAR" />
    <result column="executionStandard" property="executionStandard" jdbcType="VARCHAR" />
    <result column="state" property="state" jdbcType="INTEGER" />
    <result column="delistingDate" property="delistingDate" jdbcType="TIMESTAMP" />
    <result column="updateTime" property="updateTime" jdbcType="TIMESTAMP" />
    <result column="comment" property="comment" jdbcType="VARCHAR" />
    
   <collection property="cerList" ofType="com.dayuan.bean.Certificate" resultMap="com.dayuan.dao.CertificateMapper.joinCertificateType"/>   
<!--  -->   <collection property="cirList"  ofType="com.dayuan.bean.Circuitboard" resultMap="com.dayuan.dao.CircuitboardMapper.BaseResultMap"/>
    <collection property="completeList" ofType="com.dayuan.bean.Completemachine" resultMap="com.dayuan.dao.CompletemachineMapper.BaseResultMap"/>
    <collection property="docList" ofType="com.dayuan.bean.Document" resultMap="com.dayuan.dao.DocumentMapper.BaseResultMap"/>
    <collection property="instrumentList" ofType="com.dayuan.bean.Instructions" resultMap="com.dayuan.dao.InstructionsMapper.BaseResultMap"/>
    <collection property="pList" ofType="com.dayuan.bean.Packinglist" resultMap="com.dayuan.dao.PackinglistMapper.BaseResultMap"/>
  </resultMap>
  <sql id="Base_Column_List" >
    sapNo, brand, productName, productLinel, listedTime, image, executionStandard, state, 
    delistingDate, updateTime, comment
  </sql>
   <!-- <select id="queryById" resultMap="BaseResultMap" parameterType="java.lang.String" >
    select 
    <include refid="Base_Column_List" />
    from tbl_business_instrumentinfo
    where sapNo = #{sapNo,jdbcType=VARCHAR}
  </select>-->
  
  <select id="queryById" resultMap="joinInfoMap" parameterType="java.lang.String" >
    select 
    ins.*,cer.*,ctype.*
    from tbl_business_instrumentinfo ins left join tbl_business_certificate cer on ins.sapNo=cer.sapNo inner join tbl_business_certificatetype ctype on ctype.certificateNo=cer.certificateType
    where ins.sapNo = #{sapNo,jdbcType=VARCHAR}
  </select> 
   <select id="queryList" resultMap="BaseResultMap">
  select 
    <include refid="Base_Column_List" />
    from tbl_business_instrumentinfo
    where <![CDATA[ sapNo like CONCAT('%',#{keys},'%')  ]]> 
    or <![CDATA[ productName like CONCAT('%',#{keys},'%')  ]]>
    ORDER BY sapNo desc LIMIT #{curPage},#{pageSize}
  </select>
  <delete id="deleteById" parameterType="java.lang.String" >
    delete from tbl_business_instrumentinfo
    where sapNo = #{sapNo,jdbcType=VARCHAR}
  </delete>
 
  <insert id="add" parameterType="com.dayuan.bean.Instrumentinfo" >
    insert into tbl_business_instrumentinfo (sapNo, brand, productName, 
      productLinel, listedTime, image, 
      executionStandard, state, delistingDate, 
      updateTime, comment)
    values (#{sapNo,jdbcType=VARCHAR}, #{brand,jdbcType=VARCHAR}, #{productName,jdbcType=VARCHAR}, 
      #{productLinel,jdbcType=VARCHAR}, #{listedTime,jdbcType=TIMESTAMP}, #{image,jdbcType=VARCHAR}, 
      #{executionStandard,jdbcType=VARCHAR}, #{state,jdbcType=INTEGER}, #{delistingDate,jdbcType=TIMESTAMP}, 
      #{updateTime,jdbcType=TIMESTAMP}, #{comment,jdbcType=VARCHAR})
  </insert>
 
  <insert id="addBySelective" parameterType="com.dayuan.bean.Instrumentinfo" >
    insert into tbl_business_instrumentinfo
    <trim prefix="(" suffix=")" suffixOverrides="," >
      <if test="sapNo != null" >
        sapNo,
      </if>
      <if test="brand != null" >
        brand,
      </if>
      <if test="productName != null" >
        productName,
      </if>
      <if test="productLinel != null" >
        productLinel,
      </if>
      <if test="listedTime != null" >
        listedTime,
      </if>
      <if test="image != null" >
        image,
      </if>
      <if test="executionStandard != null" >
        executionStandard,
      </if>
      <if test="state != null" >
        state,
      </if>
      <if test="delistingDate != null" >
        delistingDate,
      </if>
      <if test="updateTime != null" >
        updateTime,
      </if>
      <if test="comment != null" >
        comment,
      </if>
    </trim>
    <trim prefix="values (" suffix=")" suffixOverrides="," >
      <if test="sapNo != null" >
        #{sapNo,jdbcType=VARCHAR},
      </if>
      <if test="brand != null" >
        #{brand,jdbcType=VARCHAR},
      </if>
      <if test="productName != null" >
        #{productName,jdbcType=VARCHAR},
      </if>
      <if test="productLinel != null" >
        #{productLinel,jdbcType=VARCHAR},
      </if>
      <if test="listedTime != null" >
        #{listedTime,jdbcType=TIMESTAMP},
      </if>
      <if test="image != null" >
        #{image,jdbcType=VARCHAR},
      </if>
      <if test="executionStandard != null" >
        #{executionStandard,jdbcType=VARCHAR},
      </if>
      <if test="state != null" >
        #{state,jdbcType=INTEGER},
      </if>
      <if test="delistingDate != null" >
        #{delistingDate,jdbcType=TIMESTAMP},
      </if>
      <if test="updateTime != null" >
        #{updateTime,jdbcType=TIMESTAMP},
      </if>
      <if test="comment != null" >
        #{comment,jdbcType=VARCHAR},
      </if>
    </trim>
  </insert>
 
  <update id="updateBySelective" parameterType="com.dayuan.bean.Instrumentinfo" >
    update tbl_business_instrumentinfo
    <set >
      <if test="brand != null" >
        brand = #{brand,jdbcType=VARCHAR},
      </if>
      <if test="productName != null" >
        productName = #{productName,jdbcType=VARCHAR},
      </if>
      <if test="productLinel != null" >
        productLinel = #{productLinel,jdbcType=VARCHAR},
      </if>
      <if test="listedTime != null" >
        listedTime = #{listedTime,jdbcType=TIMESTAMP},
      </if>
      <if test="image != null" >
        image = #{image,jdbcType=VARCHAR},
      </if>
      <if test="executionStandard != null" >
        executionStandard = #{executionStandard,jdbcType=VARCHAR},
      </if>
      <if test="state != null" >
        state = #{state,jdbcType=INTEGER},
      </if>
      <if test="delistingDate != null" >
        delistingDate = #{delistingDate,jdbcType=TIMESTAMP},
      </if>
      <if test="updateTime != null" >
        updateTime = #{updateTime,jdbcType=TIMESTAMP},
      </if>
      <if test="comment != null" >
        comment = #{comment,jdbcType=VARCHAR},
      </if>
    </set>
    where sapNo = #{sapNo,jdbcType=VARCHAR}
  </update>
  
  <update id="updateById" parameterType="com.dayuan.bean.Instrumentinfo" >
    update tbl_business_instrumentinfo
    set brand = #{brand,jdbcType=VARCHAR},
      productName = #{productName,jdbcType=VARCHAR},
      productLinel = #{productLinel,jdbcType=VARCHAR},
      listedTime = #{listedTime,jdbcType=TIMESTAMP},
      image = #{image,jdbcType=VARCHAR},
      executionStandard = #{executionStandard,jdbcType=VARCHAR},
      state = #{state,jdbcType=INTEGER},
      delistingDate = #{delistingDate,jdbcType=TIMESTAMP},
      updateTime = #{updateTime,jdbcType=TIMESTAMP},
      comment = #{comment,jdbcType=VARCHAR}
    where sapNo = #{sapNo,jdbcType=VARCHAR}
  </update>

</mapper>