<?xml version="1.0" encoding="UTF-8" ?>
<!DOCTYPE mapper PUBLIC "-//mybatis.org//DTD Mapper 3.0//EN" "http://mybatis.org/dtd/mybatis-3-mapper.dtd" >
<mapper namespace="com.dayuan.dao.MaterieTypeMapper" >
  <resultMap id="BaseResultMap" type="com.dayuan.bean.MaterieType" >
    <id column="materielTypeId" property="materielTypeId" jdbcType="INTEGER" />
    <result column="materielTypeName" property="materielTypeName" jdbcType="VARCHAR" />
  </resultMap>
  <sql id="Base_Column_List" >
    materielTypeId, materielTypeName
  </sql>
  <select id="queryById" resultMap="BaseResultMap" parameterType="java.lang.Integer" >
    select 
    <include refid="Base_Column_List" />
    from tbl_business_materietype
    where materielTypeId = #{materielTypeId,jdbcType=INTEGER} or materielTypeName = #{materielTypeId,jdbcType=INTEGER}
  </select>
  
  <select id="queryAllType" resultMap="BaseResultMap">
   select 
    <include refid="Base_Column_List" />
    from tbl_business_materietype
  </select>
  
  <delete id="deleteById" parameterType="java.lang.Integer" >
    delete from tbl_business_materietype
    where materielTypeId = #{materielTypeId,jdbcType=INTEGER}
  </delete>
  <insert id="add" parameterType="com.dayuan.bean.MaterieType" >
    insert into tbl_business_materietype (materielTypeId, materielTypeName)
    values (#{materielTypeId,jdbcType=INTEGER}, #{materielTypeName,jdbcType=VARCHAR})
  </insert>
  <insert id="addBySelective" parameterType="com.dayuan.bean.MaterieType" >
    insert into tbl_business_materietype
    <trim prefix="(" suffix=")" suffixOverrides="," >
      <if test="materielTypeId != null" >
        materielTypeId,
      </if>
      <if test="materielTypeName != null" >
        materielTypeName,
      </if>
    </trim>
    <trim prefix="values (" suffix=")" suffixOverrides="," >
      <if test="materielTypeId != null" >
        #{materielTypeId,jdbcType=INTEGER},
      </if>
      <if test="materielTypeName != null" >
        #{materielTypeName,jdbcType=VARCHAR},
      </if>
    </trim>
  </insert>
  <update id="updateBySelective" parameterType="com.dayuan.bean.MaterieType" >
    update tbl_business_materietype
    <set >
      <if test="materielTypeName != null" >
        materielTypeName = #{materielTypeName,jdbcType=VARCHAR},
      </if>
    </set>
    where materielTypeId = #{materielTypeId,jdbcType=INTEGER}
  </update>
  <update id="updateById" parameterType="com.dayuan.bean.MaterieType" >
    update tbl_business_materietype
    set materielTypeName = #{materielTypeName,jdbcType=VARCHAR}
    where materielTypeId = #{materielTypeId,jdbcType=INTEGER}
  </update>
</mapper>