<?xml version="1.0" encoding="UTF-8" ?>
<!DOCTYPE mapper PUBLIC "-//mybatis.org//DTD Mapper 3.0//EN" "http://mybatis.org/dtd/mybatis-3-mapper.dtd" >
<mapper namespace="com.dayuan.dao.MaterielDrawingsMapper" >
  <resultMap id="BaseResultMap" type="com.dayuan.bean.MaterielDrawings" >
    <id column="materielNo" property="materielNo" jdbcType="VARCHAR" />
    <id column="version" property="version" jdbcType="VARCHAR" />
    <result column="drawingName" property="drawingName" jdbcType="VARCHAR" />
    <result column="reviser" property="reviser" jdbcType="VARCHAR" />
    <result column="updateTime" property="updateTime" jdbcType="TIMESTAMP" />
    <result column="revisedRecord" property="revisedRecord" jdbcType="VARCHAR" />
  </resultMap>
  
<!--   <resultMap id="JoinMaterMap" type="com.dayuan.bean.MaterielDrawings" >
    <id column="version" property="version" jdbcType="VARCHAR" />
    <result column="drawingName" property="drawingName" jdbcType="VARCHAR" />
    <result column="reviser" property="reviser" jdbcType="VARCHAR" />
    <result column="updateTime" property="updateTime" jdbcType="TIMESTAMP" />
    <result column="revisedRecord" property="revisedRecord" jdbcType="VARCHAR" />
    <association property="materielNo" column="materielNo" javaType="com.dayuan.bean.Materiel" resultMap="com.dayuan.dao.MaterielMapper.BaseResultMap"/>
  </resultMap>
   -->
  
  <sql id="Base_Column_List" >
    materielNo, version, drawingName, reviser, updateTime, revisedRecord
  </sql>
  
  <select id="queryById" resultMap="BaseResultMap" parameterType="com.dayuan.bean.MaterielDrawingsKey" >
    select 
    <include refid="Base_Column_List" />
    from tbl_business_materieldrawings
    where materielNo = #{materielNo,jdbcType=VARCHAR}
      and version = #{version,jdbcType=VARCHAR}
  </select>
 
  <delete id="deleteById" parameterType="com.dayuan.bean.MaterielDrawingsKey" >
    delete from tbl_business_materieldrawings
    where materielNo = #{materielNo,jdbcType=VARCHAR}
       and version = #{version,jdbcType=VARCHAR}
  </delete>
  
  <insert id="add" parameterType="com.dayuan.bean.MaterielDrawings" >
    insert into tbl_business_materieldrawings (materielNo, version, drawingName, 
      reviser, updateTime, revisedRecord
      )
    values (#{materielNo,jdbcType=VARCHAR}, #{version,jdbcType=VARCHAR}, #{drawingName,jdbcType=VARCHAR}, 
      #{reviser,jdbcType=VARCHAR}, #{updateTime,jdbcType=VARCHAR}, #{revisedRecord,jdbcType=VARCHAR}
      )
  </insert>
  
  <!-- 批量插入数据 -->
   <insert id="addList" parameterType="List" >
    insert into tbl_business_materieldrawings (materielNo, version, drawingName, 
      reviser, updateTime, revisedRecord
      ) values
      <foreach collection="list" item="draws" index="index" separator=",">
      (#{draws.materielNo}, #{draws.version}, #{draws.drawingName}, #{draws.reviser}, #{draws.updateTime}, #{draws.revisedRecord}
      )
      </foreach>
     
  </insert>
 
 <select id="queryDrawsById" resultMap="BaseResultMap" >
	 select 
    <include refid="Base_Column_List" />
    from tbl_business_materieldrawings
    where materielNo = #{materielNo}
 </select>
  <insert id="addBySelective" parameterType="com.dayuan.bean.MaterielDrawings" >
    insert into tbl_business_materieldrawings
    <trim prefix="(" suffix=")" suffixOverrides="," >
      <if test="materielNo != null" >
        materielNo,
      </if>
      <if test="version != null" >
        version,
      </if>
      <if test="drawingName != null" >
        drawingName,
      </if>
      <if test="reviser != null" >
        reviser,
      </if>
      <if test="updateTime != null" >
        updateTime,
      </if>
      <if test="revisedRecord != null" >
        revisedRecord,
      </if>
    </trim>
    <trim prefix="values (" suffix=")" suffixOverrides="," >
      <if test="materielNo != null" >
        #{materielNo,jdbcType=VARCHAR},
      </if>
      <if test="version != null" >
        #{version,jdbcType=VARCHAR},
      </if>
      <if test="drawingName != null" >
        #{drawingName,jdbcType=VARCHAR},
      </if>
      <if test="reviser != null" >
        #{reviser,jdbcType=VARCHAR},
      </if>
      <if test="updateTime != null" >
        #{updateTime,jdbcType=VARCHAR},
      </if>
      <if test="revisedRecord != null" >
        #{revisedRecord,jdbcType=VARCHAR},
      </if>
    </trim>
  </insert>
  
  <update id="updateBySelective" parameterType="com.dayuan.bean.MaterielDrawings" >
    update tbl_business_materieldrawings
    <set >
      <if test="drawingName != null" >
        drawingName = #{drawingName,jdbcType=VARCHAR},
      </if>
      <if test="reviser != null" >
        reviser = #{reviser,jdbcType=VARCHAR},
      </if>
      <if test="updateTime != null" >
        updateTime = #{updateTime,jdbcType=VARCHAR},
      </if>
      <if test="revisedRecord != null" >
        revisedRecord = #{revisedRecord,jdbcType=VARCHAR},
      </if>
    </set>
    where materielNo = #{materielNo,jdbcType=VARCHAR}
      and version = #{version,jdbcType=VARCHAR}
  </update>
 
  <update id="updateById" parameterType="com.dayuan.bean.MaterielDrawings" >
    update tbl_business_materieldrawings
    set drawingName = #{drawingName,jdbcType=VARCHAR},
      reviser = #{reviser,jdbcType=VARCHAR},
      updateTime = #{updateTime,jdbcType=VARCHAR},
      revisedRecord = #{revisedRecord,jdbcType=VARCHAR}
    where materielNo = #{materielNo,jdbcType=VARCHAR}
      and version = #{version,jdbcType=VARCHAR}
  </update>

</mapper>