<?xml version="1.0" encoding="UTF-8" ?>
<!DOCTYPE mapper PUBLIC "-//mybatis.org//DTD Mapper 3.0//EN" "http://mybatis.org/dtd/mybatis-3-mapper.dtd" >
<mapper namespace="com.dayuan.dao.PackinglistMapper" >
  <resultMap id="BaseResultMap" type="com.dayuan.bean.Packinglist" >
    <id column="packingListVersion" property="packingListVersion" jdbcType="VARCHAR" />
   <!--  <id column="sapNo" property="sapNo" jdbcType="VARCHAR" /> -->
    <result column="packingListName" property="packingListName" jdbcType="VARCHAR" />
    <result column="createPerson" property="createPerson" jdbcType="VARCHAR" />
    <result column="updateTime" property="updateTime" jdbcType="TIMESTAMP" />
    <association property="sapNo" resultMap="com.dayuan.bean.InstrumentinfoMapper.BaseResultMap"/>
  </resultMap>
  
   <resultMap id="JoinResultMap" type="com.dayuan.bean.Packinglist" >
    <id column="packingListVersion" property="packingListVersion" jdbcType="VARCHAR" />
   <!--  <id column="sapNo" property="sapNo" jdbcType="VARCHAR" /> -->
    <result column="packingListName" property="packingListName" jdbcType="VARCHAR" />
    <result column="createPerson" property="createPerson" jdbcType="VARCHAR" />
    <result column="updateTime" property="updateTime" jdbcType="TIMESTAMP" />
    <association property="sapNo" resultMap="com.dayuan.bean.InstrumentinfoMapper.BaseResultMap"/>
   <collection property="pacListDetails" ofType="com.dayuan.bean.PackingListDetail" resultMap="com.dayuan.dao.PackingListDetailMapper.JoinResultMap"/>
  </resultMap>
  
  <sql id="Base_Column_List" >
    packingListVersion, sapNo, packingListName, createPerson, updateTime
  </sql>
  
  <select id="queryById" resultMap="BaseResultMap" parameterType="com.dayuan.bean.PackinglistKey" >
    select 
    *
    from tbl_business_packinglist
    where packingListVersion = #{packingListVersion,jdbcType=VARCHAR}
      and sapNo = #{sapNo,jdbcType=VARCHAR}
  </select>
  
  <delete id="deleteById" parameterType="com.dayuan.bean.PackinglistKey" >
    delete from tbl_business_packinglist
    where packingListVersion = #{packingListVersion,jdbcType=VARCHAR}
      and sapNo = #{sapNo,jdbcType=VARCHAR}
  </delete>
 
  <insert id="add" parameterType="com.dayuan.bean.Packinglist" >
    insert into tbl_business_packinglist (packingListVersion, sapNo, packingListName, 
      createPerson, updateTime)
    values (#{packingListVersion,jdbcType=VARCHAR}, #{sapNo,jdbcType=VARCHAR}, #{packingListName,jdbcType=VARCHAR}, 
      #{createPerson,jdbcType=VARCHAR}, #{updateTime,jdbcType=TIMESTAMP})
  </insert>
  
  <insert id="addBySelective" parameterType="com.dayuan.bean.Packinglist" >
    insert into tbl_business_packinglist
    <trim prefix="(" suffix=")" suffixOverrides="," >
      <if test="packingListVersion != null" >
        packingListVersion,
      </if>
      <if test="sapNo != null" >
        sapNo,
      </if>
      <if test="packingListName != null" >
        packingListName,
      </if>
      <if test="createPerson != null" >
        createPerson,
      </if>
      <if test="updateTime != null" >
        updateTime,
      </if>
    </trim>
    <trim prefix="values (" suffix=")" suffixOverrides="," >
      <if test="packingListVersion != null" >
        #{packingListVersion,jdbcType=VARCHAR},
      </if>
      <if test="sapNo != null" >
        #{sapNo,jdbcType=VARCHAR},
      </if>
      <if test="packingListName != null" >
        #{packingListName,jdbcType=VARCHAR},
      </if>
      <if test="createPerson != null" >
        #{createPerson,jdbcType=VARCHAR},
      </if>
      <if test="updateTime != null" >
        #{updateTime,jdbcType=TIMESTAMP},
      </if>
    </trim>
  </insert>
  
  <update id="updateBySelective" parameterType="com.dayuan.bean.Packinglist" >
    update tbl_business_packinglist
    <set >
      <if test="packingListName != null" >
        packingListName = #{packingListName,jdbcType=VARCHAR},
      </if>
      <if test="createPerson != null" >
        createPerson = #{createPerson,jdbcType=VARCHAR},
      </if>
      <if test="updateTime != null" >
        updateTime = #{updateTime,jdbcType=TIMESTAMP},
      </if>
    </set>
    where packingListVersion = #{packingListVersion,jdbcType=VARCHAR}
      and sapNo = #{sapNo,jdbcType=VARCHAR}
  </update>
  
  <update id="updateById" parameterType="com.dayuan.bean.Packinglist" >
    update tbl_business_packinglist
    set packingListName = #{packingListName,jdbcType=VARCHAR},
      createPerson = #{createPerson,jdbcType=VARCHAR},
      updateTime = #{updateTime,jdbcType=TIMESTAMP}
    where packingListVersion = #{packingListVersion,jdbcType=VARCHAR}
      and sapNo = #{sapNo,jdbcType=VARCHAR}
  </update>

</mapper>