<?xml version="1.0" encoding="UTF-8" ?>
<!DOCTYPE mapper PUBLIC "-//mybatis.org//DTD Mapper 3.0//EN" "http://mybatis.org/dtd/mybatis-3-mapper.dtd" >
<mapper namespace="com.dayuan.dao.PackingListDetailMapper" >
  <resultMap id="BaseResultMap" type="com.dayuan.bean.PackingListDetail" >
    <id column="id" property="id" jdbcType="INTEGER" />
    <result column="sapNo" property="sapNo" jdbcType="VARCHAR" />
    <result column="packingListVersion" property="packingListVersion" jdbcType="VARCHAR" />
   <!--  <result column="materielNo" property="materielNo" jdbcType="VARCHAR" /> -->
    <result column="quantity" property="quantity" jdbcType="INTEGER" />
    <association property="materielNo" resultMap="com.dayuan.dao.MaterielMapper.BaseResultMap"/>
  </resultMap>
  
  <resultMap id="JoinResultMap" type="com.dayuan.bean.PackingListDetail" >
    <id column="id" property="id" jdbcType="INTEGER" />
    <result column="sapNo" property="sapNo" jdbcType="VARCHAR" />
    <result column="packingListVersion" property="packingListVersion" jdbcType="VARCHAR" />
    <result column="quantity" property="quantity" jdbcType="INTEGER" />
    <association property="materielNo" column="materielNo" javaType="com.dayuan.bean.Materiel" resultMap="com.dayuan.dao.MaterieTypeMapper.JoinMaterielMaper"/>
  </resultMap>
  <sql id="Base_Column_List" >
    id, sapNo, packingListVersion, materielNo, quantity
  </sql>
  
  <select id="queryById" resultMap="BaseResultMap" parameterType="java.lang.Integer" >
    select 
    <include refid="Base_Column_List" />
    from tbl_business_packinglistdetail
    where id = #{id,jdbcType=INTEGER}
  </select>
  
  <delete id="deleteById" parameterType="java.lang.Integer" >
    delete from tbl_business_packinglistdetail
    where id = #{id,jdbcType=INTEGER}
  </delete>
 
  <insert id="add" parameterType="com.dayuan.bean.PackingListDetail" >
    insert into tbl_business_packinglistdetail (id, sapNo, packingListVersion, 
      materielNo, quantity)
    values (#{id,jdbcType=INTEGER}, #{sapNo,jdbcType=VARCHAR}, #{packingListVersion,jdbcType=VARCHAR}, 
      #{materielNo,jdbcType=VARCHAR}, #{quantity,jdbcType=INTEGER})
  </insert>
  
  <insert id="addBySelective" parameterType="com.dayuan.bean.PackingListDetail" >
    insert into tbl_business_packinglistdetail
    <trim prefix="(" suffix=")" suffixOverrides="," >
      <if test="id != null" >
        id,
      </if>
      <if test="sapNo != null" >
        sapNo,
      </if>
      <if test="packingListVersion != null" >
        packingListVersion,
      </if>
      <if test="materielNo != null" >
        materielNo,
      </if>
      <if test="quantity != null" >
        quantity,
      </if>
    </trim>
    <trim prefix="values (" suffix=")" suffixOverrides="," >
      <if test="id != null" >
        #{id,jdbcType=INTEGER},
      </if>
      <if test="sapNo != null" >
        #{sapNo,jdbcType=VARCHAR},
      </if>
      <if test="packingListVersion != null" >
        #{packingListVersion,jdbcType=VARCHAR},
      </if>
      <if test="materielNo != null" >
        #{materielNo,jdbcType=VARCHAR},
      </if>
      <if test="quantity != null" >
        #{quantity,jdbcType=INTEGER},
      </if>
    </trim>
  </insert>
  
  <update id="updateBySelective" parameterType="com.dayuan.bean.PackingListDetail" >
    update tbl_business_packinglistdetail
    <set >
      <if test="sapNo != null" >
        sapNo = #{sapNo,jdbcType=VARCHAR},
      </if>
      <if test="packingListVersion != null" >
        packingListVersion = #{packingListVersion,jdbcType=VARCHAR},
      </if>
      <if test="materielNo != null" >
        materielNo = #{materielNo,jdbcType=VARCHAR},
      </if>
      <if test="quantity != null" >
        quantity = #{quantity,jdbcType=INTEGER},
      </if>
    </set>
    where id = #{id,jdbcType=INTEGER}
  </update>
  
  <update id="updateById" parameterType="com.dayuan.bean.PackingListDetail" >
    update tbl_business_packinglistdetail
    set sapNo = #{sapNo,jdbcType=VARCHAR},
      packingListVersion = #{packingListVersion,jdbcType=VARCHAR},
      materielNo = #{materielNo,jdbcType=VARCHAR},
      quantity = #{quantity,jdbcType=INTEGER}
    where id = #{id,jdbcType=INTEGER}
  </update>

</mapper>