<?xml version="1.0" encoding="UTF-8" ?>
<!DOCTYPE mapper PUBLIC "-//mybatis.org//DTD Mapper 3.0//EN" "http://mybatis.org/dtd/mybatis-3-mapper.dtd" >
<mapper namespace="com.dayuan.dao.SysRightMapper" >
  <resultMap id="BaseResultMap" type="com.dayuan.bean.SysRight" >
    <id column="id" property="id" jdbcType="INTEGER" />
    <result column="userName" property="userName" jdbcType="VARCHAR" />
    <result column="moduleId" property="moduleId" jdbcType="VARCHAR" />
    <result column="pageId" property="pageId" jdbcType="VARCHAR" />
  </resultMap>
  <sql id="Base_Column_List" >
    id, userName, moduleId, pageId
  </sql>
  
  <select id="queryById" resultMap="BaseResultMap" parameterType="java.lang.Integer" >
    select 
    <include refid="Base_Column_List" />
    from sys_right
    where id = #{id,jdbcType=INTEGER}
  </select>
  
  <delete id="deleteById" parameterType="java.lang.Integer" >
    delete from sys_right
    where id = #{id,jdbcType=INTEGER}
  </delete>
 
  <insert id="add" parameterType="com.dayuan.bean.SysRight" >
    insert into sys_right (id, userName, moduleId, 
      pageId)
    values (#{id,jdbcType=INTEGER}, #{userName,jdbcType=VARCHAR}, #{moduleId,jdbcType=VARCHAR}, 
      #{pageId,jdbcType=VARCHAR})
  </insert>
 
  <insert id="addBySelective" parameterType="com.dayuan.bean.SysRight" >
    insert into sys_right
    <trim prefix="(" suffix=")" suffixOverrides="," >
      <if test="id != null" >
        id,
      </if>
      <if test="userName != null" >
        userName,
      </if>
      <if test="moduleId != null" >
        moduleId,
      </if>
      <if test="pageId != null" >
        pageId,
      </if>
    </trim>
    <trim prefix="values (" suffix=")" suffixOverrides="," >
      <if test="id != null" >
        #{id,jdbcType=INTEGER},
      </if>
      <if test="userName != null" >
        #{userName,jdbcType=VARCHAR},
      </if>
      <if test="moduleId != null" >
        #{moduleId,jdbcType=VARCHAR},
      </if>
      <if test="pageId != null" >
        #{pageId,jdbcType=VARCHAR},
      </if>
    </trim>
  </insert>
  
  <update id="updateBySelective" parameterType="com.dayuan.bean.SysRight" >
    update sys_right
    <set >
      <if test="userName != null" >
        userName = #{userName,jdbcType=VARCHAR},
      </if>
      <if test="moduleId != null" >
        moduleId = #{moduleId,jdbcType=VARCHAR},
      </if>
      <if test="pageId != null" >
        pageId = #{pageId,jdbcType=VARCHAR},
      </if>
    </set>
    where id = #{id,jdbcType=INTEGER}
  </update>
 
  <update id="updateById" parameterType="com.dayuan.bean.SysRight" >
    update sys_right
    set userName = #{userName,jdbcType=VARCHAR},
      moduleId = #{moduleId,jdbcType=VARCHAR},
      pageId = #{pageId,jdbcType=VARCHAR}
    where id = #{id,jdbcType=INTEGER}
  </update>

</mapper>